video_id,correct/incorrect
video10_1.csv,0
video10_10.csv,0
video10_11.csv,0
video10_12.csv,0
video10_13.csv,0
video10_14.csv,0
video10_15.csv,0
video10_16.csv,0
video10_17.csv,0
video10_18.csv,0
video10_19.csv,0
video10_2.csv,0
video10_20.csv,0
video10_21.csv,0
video10_22.csv,0
video10_23.csv,0
video10_24.csv,0
video10_25.csv,0
video10_26.csv,0
video10_27.csv,0
video10_28.csv,0
video10_29.csv,0
video10_3.csv,0
video10_30.csv,0
video10_31.csv,0
video10_32.csv,0
video10_33.csv,0
video10_34.csv,0
video10_35.csv,0
video10_36.csv,0
video10_37.csv,0
video10_38.csv,0
video10_39.csv,0
video10_4.csv,0
video10_40.csv,0
video10_41.csv,0
video10_42.csv,0
video10_43.csv,0
video10_44.csv,0
video10_45.csv,0
video10_46.csv,0
video10_47.csv,0
video10_48.csv,0
video10_49.csv,0
video10_5.csv,0
video10_6.csv,0
video10_7.csv,0
video10_8.csv,0
video10_9.csv,0
video11_1.csv,1
video11_2.csv,1
video11_3.csv,1
video11_4.csv,1
video11_5.csv,1
video11_6.csv,1
video11_7.csv,1
video11_8.csv,1
video12_1.csv,1
video12_2.csv,1
video12_3.csv,1
video12_4.csv,1
video12_5.csv,1
video14_1.csv,1
video14_2.csv,1
video14_3.csv,1
video14_4.csv,1
video14_5.csv,1
video14_6.csv,1
video14_7.csv,1
video16_1.csv,0
video16_2.csv,0
video16_3.csv,0
video16_4.csv,0
video16_5.csv,0
video16_6.csv,0
video16_7.csv,0
video17_1.csv,0
video17_2.csv,0
video17_3.csv,0
video17_4.csv,0
video17_5.csv,0
video17_6.csv,0
video17_7.csv,0
video18_1.csv,1
video18_2.csv,1
video18_3.csv,1
video18_4.csv,1
video18_5.csv,1
video18_6.csv,1
video19_1.csv,0
video19_2.csv,0
video19_3.csv,0
video19_4.csv,0
video19_5.csv,0
video19_6.csv,0
video19_7.csv,0
video19_8.csv,0
video20_1.csv,1
video20_2.csv,1
video20_3.csv,1
video20_4.csv,1
video20_5.csv,1
video20_6.csv,1
video20_7.csv,1
video20_8.csv,1
video21_1.csv,0
video21_2.csv,0
video21_3.csv,0
video21_4.csv,0
video21_5.csv,0
video21_6.csv,0
video21_7.csv,0
video22_1.csv,1
video22_2.csv,1
video22_3.csv,1
video22_4.csv,1
video22_5.csv,1
video22_6.csv,1
video22_7.csv,1
video22_8.csv,1
video23_1.csv,0
video23_2.csv,0
video23_3.csv,0
video23_4.csv,0
video23_5.csv,0
video24_1.csv,1
video24_2.csv,1
video24_3.csv,1
video24_4.csv,1
video24_5.csv,1
video25_1.csv,0
video25_2.csv,0
video25_3.csv,0
video25_4.csv,0
video25_5.csv,0
video25_6.csv,0
video25_7.csv,0
video2_1.csv,0
video2_10.csv,0
video2_11.csv,0
video2_12.csv,0
video2_13.csv,0
video2_14.csv,0
video2_15.csv,0
video2_16.csv,0
video2_17.csv,0
video2_18.csv,0
video2_19.csv,0
video2_2.csv,0
video2_20.csv,0
video2_21.csv,0
video2_22.csv,0
video2_23.csv,0
video2_24.csv,0
video2_25.csv,0
video2_26.csv,0
video2_27.csv,0
video2_28.csv,0
video2_29.csv,0
video2_3.csv,0
video2_30.csv,0
video2_31.csv,0
video2_32.csv,0
video2_33.csv,0
video2_4.csv,0
video2_5.csv,0
video2_6.csv,0
video2_7.csv,0
video2_8.csv,0
video2_9.csv,0
video5_100.csv,0
video5_14.csv,0
video5_15.csv,0
video5_16.csv,0
video5_19.csv,0
video5_20.csv,0
video5_21.csv,0
video5_22.csv,0
video5_23.csv,0
video5_24.csv,0
video5_25.csv,0
video5_26.csv,0
video5_29.csv,0
video5_30.csv,0
video5_31.csv,0
video5_32.csv,0
video5_33.csv,0
video5_34.csv,0
video5_36.csv,0
video5_37.csv,0
video5_40.csv,0
video5_41.csv,0
video5_44.csv,0
video5_45.csv,0
video5_48.csv,0
video5_49.csv,0
video5_51.csv,0
video5_52.csv,0
video5_53.csv,0
video5_54.csv,0
video5_55.csv,0
video5_56.csv,0
video5_57.csv,0
video5_58.csv,0
video5_59.csv,0
video5_60.csv,0
video5_61.csv,0
video5_62.csv,0
video5_63.csv,0
video5_64.csv,0
video5_65.csv,0
video5_66.csv,0
video5_67.csv,0
video5_68.csv,0
video5_69.csv,0
video5_70.csv,0
video5_71.csv,0
video5_72.csv,0
video5_73.csv,0
video5_74.csv,0
video5_75.csv,0
video5_76.csv,0
video5_77.csv,0
video5_78.csv,0
video5_79.csv,0
video5_80.csv,0
video5_81.csv,0
video5_82.csv,0
video5_83.csv,0
video5_84.csv,0
video5_85.csv,0
video5_86.csv,0
video5_87.csv,0
video5_88.csv,0
video5_89.csv,0
video5_90.csv,0
video5_91.csv,0
video5_92.csv,0
video5_93.csv,0
video5_94.csv,0
video5_95.csv,0
video5_96.csv,0
video5_97.csv,0
video5_98.csv,0
video5_99.csv,0
video7_1.csv,1
video7_10.csv,1
video7_101.csv,1
video7_102.csv,1
video7_11.csv,1
video7_12.csv,1
video7_13.csv,1
video7_14.csv,1
video7_15.csv,1
video7_16.csv,1
video7_17.csv,1
video7_18.csv,1
video7_19.csv,1
video7_2.csv,1
video7_20.csv,1
video7_21.csv,1
video7_22.csv,1
video7_23.csv,1
video7_24.csv,1
video7_25.csv,1
video7_26.csv,1
video7_27.csv,1
video7_28.csv,1
video7_29.csv,1
video7_3.csv,1
video7_30.csv,1
video7_31.csv,1
video7_32.csv,1
video7_33.csv,1
video7_34.csv,1
video7_35.csv,1
video7_36.csv,1
video7_37.csv,1
video7_38.csv,1
video7_39.csv,1
video7_4.csv,1
video7_40.csv,1
video7_42.csv,1
video7_43.csv,1
video7_44.csv,1
video7_45.csv,1
video7_47.csv,1
video7_48.csv,1
video7_49.csv,1
video7_5.csv,1
video7_50.csv,1
video7_51.csv,1
video7_53.csv,1
video7_54.csv,1
video7_55.csv,1
video7_56.csv,1
video7_57.csv,1
video7_59.csv,1
video7_6.csv,1
video7_60.csv,1
video7_61.csv,1
video7_62.csv,1
video7_63.csv,1
video7_65.csv,1
video7_66.csv,1
video7_67.csv,1
video7_68.csv,1
video7_69.csv,1
video7_7.csv,1
video7_71.csv,1
video7_72.csv,1
video7_73.csv,1
video7_74.csv,1
video7_75.csv,1
video7_77.csv,1
video7_78.csv,1
video7_79.csv,1
video7_8.csv,1
video7_80.csv,1
video7_81.csv,1
video7_83.csv,1
video7_84.csv,1
video7_85.csv,1
video7_87.csv,1
video7_88.csv,1
video7_9.csv,1
video7_90.csv,1
video7_91.csv,1
video7_92.csv,1
video7_94.csv,1
video7_95.csv,1
video7_97.csv,1
video7_98.csv,1
video7_99.csv,1
video8_1.csv,1
video8_10.csv,1
video8_11.csv,1
video8_12.csv,1
video8_13.csv,1
video8_14.csv,1
video8_15.csv,1
video8_16.csv,1
video8_17.csv,1
video8_18.csv,1
video8_19.csv,1
video8_2.csv,1
video8_20.csv,1
video8_21.csv,1
video8_3.csv,1
video8_4.csv,1
video8_5.csv,1
video8_6.csv,1
video8_7.csv,1
video8_8.csv,1
video8_9.csv,1
video9_1.csv,1
video9_10.csv,1
video9_11.csv,1
video9_12.csv,1
video9_13.csv,1
video9_14.csv,1
video9_15.csv,1
video9_16.csv,1
video9_17.csv,1
video9_18.csv,1
video9_19.csv,1
video9_2.csv,0
video9_20.csv,1
video9_21.csv,1
video9_22.csv,1
video9_23.csv,1
video9_24.csv,1
video9_25.csv,1
video9_26.csv,1
video9_27.csv,1
video9_28.csv,1
video9_29.csv,0
video9_3.csv,1
video9_30.csv,0
video9_31.csv,1
video9_32.csv,1
video9_33.csv,1
video9_34.csv,1
video9_35.csv,1
video9_36.csv,1
video9_37.csv,1
video9_38.csv,1
video9_39.csv,1
video9_4.csv,0
video9_40.csv,1
video9_41.csv,1
video9_5.csv,1
video9_6.csv,1
video9_7.csv,1
video9_8.csv,1
video9_9.csv,1
